_id,Project ID,Addresses,Anchor Address,Status,Ward Number,Ward Name,Affordable Homes Approved (2017 - Present),Total ARH Approved (2017 - Present),Rent-Controlled Market Units Approved,RGI Homes Approved,geometry
1,ARH0003,100-120 Broadway Avenue,100 Broadway Ave,Final Planning Approval,14,Toronto-Danforth,6,6,0,0,"{""type"": ""MultiPoint"", ""coordinates"": [[-79.39319723, 43.71096017]]}"
2,ARH0004,1072 - 1080 Bathurst Street,1072 Bathurst St,Occupied,11,University-Rosedale,9,9,0,0,"{""type"": ""MultiPoint"", ""coordinates"": [[-79.41434208, 43.67239262]]}"
3,ARH0005,1080 Queen Street East,1080 Queen St E,Under Construction,14,Toronto-Danforth,0,9,0,9,"{""type"": ""MultiPoint"", ""coordinates"": [[-79.33669, 43.662097]]}"
4,ARH0006,109-125 George Street and 231 Richmond Street East,125 George St,Pre-Planning,13,Toronto Centre,7,7,0,0,"{""type"": ""MultiPoint"", ""coordinates"": [[-79.37127918, 43.77372266]]}"
5,ARH0007,11 Brock Avenue,11 Brock Ave,Under Review,4,Parkdale-High Park,0,42,0,42,"{""type"": ""MultiPoint"", ""coordinates"": [[-79.43224046, 43.64212337]]}"
6,ARH0008,11 Macey Avenue,11 Macey Ave,Occupied,20,Scarborough Southwest,0,56,0,56,"{""type"": ""MultiPoint"", ""coordinates"": [[-79.28672758, 43.69273877]]}"
7,ARH0012,1120 Ossington Ave,1120 Ossington Ave,Under Construction,9,Davenport,0,25,0,25,"{""type"": ""MultiPoint"", ""coordinates"": [[-79.43018233, 43.67193095]]}"
8,ARH0014,118 Havelock Street,118 Havelock St,Pre-Planning,9,Davenport,0,15,0,15,"{""type"": ""MultiPoint"", ""coordinates"": [[-79.430825, 43.655969]]}"
9,ARH0015,1229 Queen Street West,1229 Queen St W,Under Review,4,Parkdale-High Park,76,76,0,0,"{""type"": ""MultiPoint"", ""coordinates"": [[-79.42941893, 43.65631733]]}"
10,ARH0017,"1240, 1246, 1250 Weston Road",1240 Weston Rd,Under Review,5,York South-Weston,97,97,0,0,"{""type"": ""MultiPoint"", ""coordinates"": [[-79.49346772, 43.63975285]]}"
11,ARH0019,1250 Eglinton Ave West,1250 Eglinton Ave W,Under Construction,8,Eglinton-Lawrence,72,80,160,8,"{""type"": ""MultiPoint"", ""coordinates"": [[-79.4344265, 43.69907461]]}"
12,ARH0020,1250 Markham Road,1250 Markham Road,Final Planning Approval,24,Scarborough-Guildwood,303,303,0,0,"{""type"": ""MultiPoint"", ""coordinates"": [[-79.23422386, 43.77892625]]}"
13,ARH0022,128 Havelock Street,128 Havelock St,Under Review,9,Davenport,10,10,0,0,"{""type"": ""MultiPoint"", ""coordinates"": [[-79.430993, 43.656317]]}"
14,ARH0023,130 Augusta Avenue,130 Augusta Ave,Pre-Planning,10,Spadina-Fort York,4,4,0,0,"{""type"": ""MultiPoint"", ""coordinates"": [[-79.40121902, 43.66261872]]}"
15,ARH0024,130 River Street,130 River St,Occupied,13,Toronto Centre,3,8,0,5,"{""type"": ""MultiPoint"", ""coordinates"": [[-79.35857944, 43.66148426]]}"
16,ARH0025,"1303, 1313 and 1325 Queen Street West and 220 Cowan Avenue (Parkdale Hub)",1325 Queen St W,Under Review,4,Parkdale-High Park,77,85,146,9,"{""type"": ""MultiPoint"", ""coordinates"": [[-79.43265066, 43.64115089]]}"
17,ARH0026,1306-1310 The Queensway,1306 The Queensway,Under Review,3,Etobicoke-Lakeshore,12,12,0,0,"{""type"": ""MultiPoint"", ""coordinates"": [[-79.52779671, 43.62147385]]}"
18,ARH0029,1319 Bloor Street West,1319 Bloor St W,Under Review,9,Davenport,15,15,0,0,"{""type"": ""MultiPoint"", ""coordinates"": [[-79.44469207, 43.65774104]]}"
19,ARH0030,1350 Sheppard Avenue West (Downsview Area Secondary Plan - William Baker District),1350 Sheppard Ave W,Under Review,6,York Centre,220,220,0,0,"{""type"": ""MultiPoint"", ""coordinates"": [[-79.48489413, 43.74531822]]}"
20,ARH0031,136 Kingston Road,136 Kingston Rd,Occupied,19,Beaches-East York,0,24,0,24,"{""type"": ""MultiPoint"", ""coordinates"": [[-79.31162559, 43.67072535]]}"
21,ARH0033,140 Merton Street,140 Merton St,Under Review,12,Toronto-St. PaulÂs,83,98,196,15,"{""type"": ""MultiPoint"", ""coordinates"": [[-79.39170541, 43.69754214]]}"
22,ARH0034,140 the Queensway,140 The Queensway,Final Planning Approval,3,Etobicoke-Lakeshore,0,38,0,38,"{""type"": ""MultiPoint"", ""coordinates"": [[-79.48358506, 43.6307302]]}"
23,ARH0035,1423 Dufferin Street,1423 Dufferin St,Under Review,9,Davenport,10,10,0,0,"{""type"": ""MultiPoint"", ""coordinates"": [[-79.43994658, 43.67121954]]}"
24,ARH0036,1430 Gerrard Street East,1430 Gerrard St E,Occupied,14,Toronto-Danforth,0,23,0,23,"{""type"": ""MultiPoint"", ""coordinates"": [[-79.32230139, 43.67248542]]}"
25,ARH0037,144 Galloway Road,144 Galloway Rd,Final Planning Approval,24,Scarborough-Guildwood,120,120,0,0,"{""type"": ""MultiPoint"", ""coordinates"": [[-79.19459626, 43.76071245]]}"
26,ARH0038,1467 Bathurst Street and 490 St Clair Avenue West,1467 Bathurst St,Under Construction,12,Toronto-St. PaulÂs,16,16,0,0,"{""type"": ""MultiPoint"", ""coordinates"": [[-79.41810886, 43.68356354]]}"
27,ARH0039,1499 Queen Street West,1499 Queen Street West,Pre-Planning,4,Parkdale-High Park,30,30,0,0,"{""type"": ""MultiPoint"", ""coordinates"": [[-79.440558, 43.639752]]}"
28,ARH0040,90 Dunn Avenue,90 Dunn Avenue,Occupied,4,Parkdale-High Park,0,51,0,51,"{""type"": ""MultiPoint"", ""coordinates"": [[-79.43357706, 43.63659231]]}"
29,ARH0041,150 Eighth Street,150 Eighth St,Final Planning Approval,3,Etobicoke-Lakeshore,0,58,0,58,"{""type"": ""MultiPoint"", ""coordinates"": [[-79.50759301, 43.6021441]]}"
30,ARH0042,150 Queens Wharf Road,150 Queens Wharf Rd,Under Review,10,Spadina-Fort York,85,94,188,9,"{""type"": ""MultiPoint"", ""coordinates"": [[-79.39995208, 43.63983361]]}"
31,ARH0045,153-185 Eastern Avenue,153 Eastern Avenue,Under Review,13,Toronto Centre,256,256,0,0,"{""type"": ""MultiPoint"", ""coordinates"": [[-79.355846, 43.654565]]}"
32,ARH0046,1540-1550 Bloor Street West,1540 Bloor St W,Under Review,4,Parkdale-High Park,14,14,0,0,"{""type"": ""MultiPoint"", ""coordinates"": [[-79.4529346, 43.65642789]]}"
33,ARH0047,155-165 Elm Ridge Drive,165 Elm Ridge Dr,Pre-Planning,8,Eglinton-Lawrence,0,106,0,106,"{""type"": ""MultiPoint"", ""coordinates"": [[-79.43863504, 43.70255582]]}"
34,ARH0048,1552 Weston Road,1552 Weston Rd,Final Planning Approval,5,York South-Weston,50,50,0,0,"{""type"": ""MultiPoint"", ""coordinates"": [[-79.50633828, 43.69433158]]}"
35,ARH0049,1070 Eastern Ave (formerly 1555 - 1575 Queen Street East (Don Summerville)),1070 Eastern Ave (formerly 1555 Queen St E),Pre-Planning,14,Toronto-Danforth,100,100,0,0,"{""type"": ""MultiPoint"", ""coordinates"": [[-79.31869728, 43.66565391]]}"
36,ARH0050,158 Borough Drive,158 Borough Dr,Under Review,21,Scarborough Centre,206,229,458,23,"{""type"": ""MultiPoint"", ""coordinates"": [[-79.25667572, 43.77269972]]}"
37,ARH0051,161 Spadina Road,161 Spadina Rd,Occupied,11,University-Rosedale,10,10,0,0,"{""type"": ""MultiPoint"", ""coordinates"": [[-79.40594131, 43.67267247]]}"
38,ARH0052,1627 & 1675 Danforth Avenue,1627 Danforth Ave,Under Review,19,Beaches-East York,60,67,133,7,"{""type"": ""MultiPoint"", ""coordinates"": [[-79.3220098, 43.68310969]]}"
39,ARH0053,1631 - 1632 Queen Street East,1631 Queen St E,Under Review,19,Beaches-East York,84,93,186,9,"{""type"": ""MultiPoint"", ""coordinates"": [[-79.31557687, 43.66630071]]}"
40,ARH0054,1650 Sheppard Avenue East,1650 Sheppard Ave E,Under Review,16,Don Valley East,10,10,0,0,"{""type"": ""MultiPoint"", ""coordinates"": [[-79.34908051, 43.77512129]]}"
41,ARH0055,1693-1707 Weston Road and 10 Victoria Avenue East,1693 Weston Rd,Under Review,5,York South-Weston,6,6,0,0,"{""type"": ""MultiPoint"", ""coordinates"": [[-79.50926227, 43.69748017]]}"
42,ARH0058,"1-70 Eglinton Square, 1431 and 1437 Victoria Park Avenue, 14, 18, 19, 22, 23 and 26 Engelhart Crescent and 64 and 68 Harris Park Drive",1 Eglinton Sq,Under Review,20,Scarborough Southwest,85,85,0,0,"{""type"": ""MultiPoint"", ""coordinates"": [[-79.30082274, 43.72300417]]}"
43,ARH0059,171 Dunn Avenue/1337 and 1339 King Street West,1337 King Street West,Pre-Planning,4,Parkdale-High Park,82,82,0,0,"{""type"": ""MultiPoint"", ""coordinates"": [[-79.432875, 43.638001]]}"
44,ARH0060,1712 Ellesmere Road,1712 Ellesmere Road ,Pre-Planning,24,Scarborough-Guildwood,140,140,0,0,"{""type"": ""MultiPoint"", ""coordinates"": [[-79.248213, 43.773722]]}"
45,ARH0061,1731 Lawrence Avenue East,1731 Lawrence Ave E,Under Review,21,Scarborough Centre,0,95,0,95,"{""type"": ""MultiPoint"", ""coordinates"": [[-79.30817097, 43.74208978]]}"
46,ARH0062,175 Cummer Avenue,175 Cummer Ave,Final Planning Approval,18,Willowdale,0,59,0,59,"{""type"": ""MultiPoint"", ""coordinates"": [[-79.40864078, 43.78785777]]}"
47,ARH0064,1750 Ellesmere Road,1750 Ellesmere Rd,Under Review,24,Scarborough-Guildwood,92,92,0,0,"{""type"": ""MultiPoint"", ""coordinates"": [[-79.24663325, 43.77354895]]}"
48,ARH0065,1750-1900 The Queensway,1750 The Queensway,Under Review,3,Etobicoke-Lakeshore,200,200,0,0,"{""type"": ""MultiPoint"", ""coordinates"": [[-79.55665606, 43.61454954]]}"
49,ARH0068,1880-1890 Eglinton Avenue East and 1523-1545 Victoria Park Avenue,1880 Eglinton Ave E,Under Review,21,Scarborough Centre,130,130,0,0,"{""type"": ""MultiPoint"", ""coordinates"": [[-79.2994831, 43.72551889]]}"
50,ARH0069,1900 Eglinton Avenue East (Phase 1 Block 1),1900 Eglinton Ave E,Under Review,21,Scarborough Centre,60,60,0,0,"{""type"": ""MultiPoint"", ""coordinates"": [[-79.2939094, 43.72748563]]}"
51,ARH0070,1966 - 2050 Eglinton Avenue East and 50 Thermos Road,1966 Eglinton Ave E,Under Review,21,Scarborough Centre,67,67,0,0,"{""type"": ""MultiPoint"", ""coordinates"": [[-79.28583042, 43.72847508]]}"
52,ARH0071,1978 - 2002 Lake Shore Boulevard West,1978 Lakeshore Blvd W,Under Construction,4,Parkdale-High Park,61,61,0,0,"{""type"": ""MultiPoint"", ""coordinates"": [[-79.46933983, 43.63497691]]}"
53,ARH0073,2 Tecumseth Street and 125-133 Niagara Street,2 Tecumseth St,Under Review,10,Spadina-Fort York,26,26,0,0,"{""type"": ""MultiPoint"", ""coordinates"": [[-79.40591504, 43.64071519]]}"
54,ARH0074,"200, 208, 218, 228 and 230 Queens Quay West and 8 York Street West",200 Queens Quay W,Under Review,10,Spadina-Fort York,76,76,0,0,"{""type"": ""MultiPoint"", ""coordinates"": [[-79.38174034, 43.64048196]]}"
55,ARH0076,21 Windsor Street,21 Windsor St. ,Pre-Planning,3,Etobicoke-Lakeshore,102,102,0,0,"{""type"": ""MultiPoint"", ""coordinates"": [[-79.555743, 43.699074]]}"
56,ARH0077,2102 Lawrence Avenue East,2102 Lawrence Ave E,Under Review,21,Scarborough Centre,37,37,0,0,"{""type"": ""MultiPoint"", ""coordinates"": [[-79.29046552, 43.74670626]]}"
57,ARH0078,212 - 220 King Street West,212 King St W,Under Review,10,Spadina-Fort York,11,11,0,0,"{""type"": ""MultiPoint"", ""coordinates"": [[-79.386395, 43.647649]]}"
58,ARH0081,215 Lake Shore Boulevard East,215 Lake Shore Blvd E,Final Planning Approval,10,Spadina-Fort York,110,110,0,0,"{""type"": ""MultiPoint"", ""coordinates"": [[-79.36698556, 43.64565769]]}"
59,ARH0082,215 Wellesley Street East,215 Wellesley St E,Under Construction,13,Toronto Centre,0,48,0,48,"{""type"": ""MultiPoint"", ""coordinates"": [[-79.37297939, 43.66714857]]}"
60,ARH0085,218 Carlton Street,218 Carlton St,Occupied,13,Toronto Centre,11,20,0,9,"{""type"": ""MultiPoint"", ""coordinates"": [[-79.36973264, 43.66413311]]}"
61,ARH0086,22 Balliol Street,22 Balliol St,Under Review,12,Toronto-St. PaulÂs,32,32,0,0,"{""type"": ""MultiPoint"", ""coordinates"": [[-79.3955361, 43.69790993]]}"
62,ARH0088,22 Maynard Avenue,22 Maynard Avenue,Pre-Planning,4,Parkdale-High Park,9,9,0,0,"{""type"": ""MultiPoint"", ""coordinates"": [[-79.437894, 43.637907]]}"
63,ARH0090,2200 Eglinton Avenue East (Block 2),2200 Eglinton Ave E,Under Review,21,Scarborough Centre,39,39,0,0,"{""type"": ""MultiPoint"", ""coordinates"": [[-79.28114089, 43.73001601]]}"
64,ARH0091,2200 Eglinton Avenue East Golden Mile (Blocks 4 and 7),2200 Eglinton Ave E,Under Review,21,Scarborough Centre,91,91,0,0,"{""type"": ""MultiPoint"", ""coordinates"": [[-79.28114089, 43.73001601]]}"
65,ARH0092,2217 Kingston Road,2217 Kingston Rd,Final Planning Approval,20,Scarborough Southwest,24,24,0,0,"{""type"": ""MultiPoint"", ""coordinates"": [[-79.25259337, 43.70371978]]}"
66,ARH0093,222 Spadina Avenue,222 Spadina Ave,Occupied,10,Spadina-Fort York,0,84,0,84,"{""type"": ""MultiPoint"", ""coordinates"": [[-79.39783776, 43.65092866]]}"
67,ARH0094,230 Coxwell Avenue,230 Coxwell Ave,Under Construction,14,Toronto-Danforth,20,20,0,0,"{""type"": ""MultiPoint"", ""coordinates"": [[-79.31937738, 43.67202217]]}"
68,ARH0097,2444 Eglinton Avenue East,2444 Eglinton Ave E,Under Review,21,Scarborough Centre,275,306,306,31,"{""type"": ""MultiPoint"", ""coordinates"": [[-79.26438687, 43.73373295]]}"
69,ARH0098,248 Ossington Avenue,248 Ossington Ave,Under Review,9,Davenport,76,76,0,0,"{""type"": ""MultiPoint"", ""coordinates"": [[-79.42121307, 43.64978166]]}"
70,ARH0099,2495 Eglinton Avenue East,2495 Eglinton Avenue East,Under Review,20,Scarborough Southwest,4,4,0,0,"{""type"": ""MultiPoint"", ""coordinates"": [[-79.259737, 43.733914]]}"
71,ARH0100,25 Augusta Avenue,25 Augusta Ave,Under Construction,10,Spadina-Fort York,0,31,0,31,"{""type"": ""MultiPoint"", ""coordinates"": [[-79.39949703, 43.64906978]]}"
72,ARH0101,25 Borough Drive,25 Borough Dr,Under Review,21,Scarborough Centre,64,64,0,0,"{""type"": ""MultiPoint"", ""coordinates"": [[-79.26149458, 43.77404831]]}"
73,ARH0102,25 Fisherville Road,25 Fisherville Rd,Under Review,6,York Centre,10,10,0,0,"{""type"": ""MultiPoint"", ""coordinates"": [[-79.44897913, 43.78887474]]}"
74,ARH0105,25 Sewells Road (Phase 2),25 Sewells Rd,Pre-Planning,25,Scarborough-Rouge Park,319,319,0,0,"{""type"": ""MultiPoint"", ""coordinates"": [[-79.21581642, 43.80741558]]}"
75,ARH0109,250 Dundas Street West,250 Dundas St W,Under Review,11,University-Rosedale,22,22,0,0,"{""type"": ""MultiPoint"", ""coordinates"": [[-79.38979491, 43.65480946]]}"
76,ARH0110,251 Esther Shiner Boulevard,251 Esther Shiner Blvd,Pre-Planning,17,Don Valley North,543,603,603,60,"{""type"": ""MultiPoint"", ""coordinates"": [[-79.36549304, 43.76884546]]}"
77,ARH0111,254 - 260 Adelaide Street West,260 Adelaide St W,Under Review,10,Spadina-Fort York,254,254,0,0,"{""type"": ""MultiPoint"", ""coordinates"": [[-79.38956419, 43.64830654]]}"
78,ARH0112,"2550 Victoria Park Avenue and 2, 4, 6 Lansing Square (Phase 1)",2550 Victoria Park Ave,Under Review,17,Don Valley North,80,80,0,0,"{""type"": ""MultiPoint"", ""coordinates"": [[-79.32310501, 43.77379262]]}"
79,ARH0113,"2550 Victoria Park Avenue and 2, 4, 6 Lansing Square (Phase 2)",2550 Victoria Park Ave,Under Review,17,Don Valley North,80,80,0,0,"{""type"": ""MultiPoint"", ""coordinates"": [[-79.32310501, 43.77379262]]}"
80,ARH0115,2600 Don Mills Road,2600 Don Mills Rd,Under Review,17,Don Valley North,19,19,0,0,"{""type"": ""MultiPoint"", ""coordinates"": [[-79.34860618, 43.77625096]]}"
81,ARH0116,265 Balliol Street,265 Balliol St,Occupied,12,Toronto-St. PaulÂs,23,23,0,0,"{""type"": ""MultiPoint"", ""coordinates"": [[-79.38781075, 43.69877738]]}"
82,ARH0119,2700 Eglinton Avenue West,2700 Eglinton Ave W,Under Review,5,York South-Weston,90,100,101,10,"{""type"": ""MultiPoint"", ""coordinates"": [[-79.47841238, 43.68988424]]}"
83,ARH0120,285 - 297 Danforth Ave./ 60 - 80 Bowden St,60 Bowden St,Final Planning Approval,14,Toronto-Danforth,0,50,0,50,"{""type"": ""MultiPoint"", ""coordinates"": [[-79.35408755, 43.67699635]]}"
84,ARH0121,290 Old Weston Road,290 Old Weston Rd,Under Review,9,Davenport,0,18,0,18,"{""type"": ""MultiPoint"", ""coordinates"": [[-79.46316395, 43.6717127]]}"
85,ARH0122,2901 Bayview Avenue,2901 Bayview Ave,Under Review,17,Don Valley North,40,40,0,0,"{""type"": ""MultiPoint"", ""coordinates"": [[-79.38602584, 43.76920286]]}"
86,ARH0123,292 - 296 Parliament Street,292 Parliament St,Occupied,13,Toronto Centre,0,24,0,24,"{""type"": ""MultiPoint"", ""coordinates"": [[-79.36599037, 43.65865898]]}"
87,ARH0124,2946-2968 Dundas Street West,2946 Dundas St W,Final Planning Approval,4,Parkdale-High Park,6,6,0,0,"{""type"": ""MultiPoint"", ""coordinates"": [[-79.46768566, 43.66562659]]}"
88,ARH0125,299 Campbell Avenue,299 Campbell Ave,Occupied,9,Davenport,10,10,0,0,"{""type"": ""MultiPoint"", ""coordinates"": [[-79.449485, 43.66565286]]}"
89,ARH0126,"Firgrove - 3, 36 Marsh Grassway; 7, 11 Blue Grassway; 4, 17 Cane Grassway; 5, 10, 40 Turf Grassway and 1, 2, 8 Dune Grassway",3 Marsh Grassway,Under Review,7,Humber River-Black Creek,107,107,0,0,"{""type"": ""MultiPoint"", ""coordinates"": [[-79.51819427, 43.75046338]]}"
90,ARH0128,30 Gilder Drive,30 Gilder Dr,Final Planning Approval,21,Scarborough Centre,58,58,0,0,"{""type"": ""MultiPoint"", ""coordinates"": [[-79.25653121, 43.73714583]]}"
91,ARH0129,300 - 304 The East Mall,300 The East Mall,Pre-Planning,2,Etobicoke Centre,172,172,0,0,"{""type"": ""MultiPoint"", ""coordinates"": [[-79.557439, 43.63725567]]}"
92,ARH0130,3000 Dufferin Street,3000 Dufferin St,Under Review,8,Eglinton-Lawrence,10,10,0,0,"{""type"": ""MultiPoint"", ""coordinates"": [[-79.45503098, 43.71108689]]}"
93,ARH0131,306-310 Gerrard Street East,306 Gerrard St E,Under Review,13,Toronto Centre,0,96,0,96,"{""type"": ""MultiPoint"", ""coordinates"": [[-79.36647126, 43.66246552]]}"
94,ARH0132,315 and 325 Front Street West and Rail Corridor,315 Front St W,Under Review,10,Spadina-Fort York,32,32,0,0,"{""type"": ""MultiPoint"", ""coordinates"": [[-79.3899116, 43.64351375]]}"
95,ARH0133,315-325 Spadina Avenue,315 Spadina Ave,Pre-Planning,11,University-Rosedale,22,22,0,0,"{""type"": ""MultiPoint"", ""coordinates"": [[-79.39814556, 43.65421896]]}"
96,ARH0134,316 - 336 Campbell Avenue,316 Campbell Ave,Under Review,9,Davenport,21,21,0,0,"{""type"": ""MultiPoint"", ""coordinates"": [[-79.4504038, 43.66625806]]}"
97,ARH0135,321 Dovercourt (formerly 150 Harrison Street),321 Dovercourt Rd,Occupied,9,Davenport,0,44,0,44,"{""type"": ""MultiPoint"", ""coordinates"": [[-79.42494999, 43.65067783]]}"
98,ARH0139,3326 Bloor Street West and 1226 Islington Ave (Bloor/Islington),3326 Bloor St W,Under Review,3,Etobicoke-Lakeshore,444,493,466,49,"{""type"": ""MultiPoint"", ""coordinates"": [[-79.52539249, 43.64459812]]}"
99,ARH0141,3377 Bayview Avenue,3377 Bayview Ave,Final Planning Approval,17,Don Valley North,752,752,0,0,"{""type"": ""MultiPoint"", ""coordinates"": [[-79.39208386, 43.79714553]]}"
100,ARH0142,3379 - 3385 Lawrence Avenue East,3385 Lawrence Ave E,Under Review,24,Scarborough-Guildwood,37,37,0,0,"{""type"": ""MultiPoint"", ""coordinates"": [[-79.23336139, 43.75768999]]}"
101,ARH0144,34 Kessack Court,34 Kessack Crt,Occupied,25,Scarborough-Rouge Park,2,2,0,0,"{""type"": ""MultiPoint"", ""coordinates"": [[-79.21690349, 43.80057372]]}"
102,ARH0145,25 - 35 Bellevue Avenue,35 Bellevue Ave,Under Review,11,University-Rosedale,0,78,0,78,"{""type"": ""MultiPoint"", ""coordinates"": [[-79.40288078, 43.65376695]]}"
103,ARH0146,351 Lake Shore Boulevard East (Central and South Blocks),351 Lake Shore Blvd E,Under Review,10,Spadina-Fort York,67,67,0,0,"{""type"": ""MultiPoint"", ""coordinates"": [[-79.35968834, 43.64797447]]}"
104,ARH0147,351 Lake Shore Boulevard East (North Block),351 Lake Shore Blvd E,Under Review,10,Spadina-Fort York,45,45,0,0,"{""type"": ""MultiPoint"", ""coordinates"": [[-79.35968834, 43.64797447]]}"
105,ARH0148,353 - 355 Sherbourne Street and 157 Carlton Street,355 Sherbourne St,Under Review,13,Toronto Centre,31,31,0,0,"{""type"": ""MultiPoint"", ""coordinates"": [[-79.37262937, 43.66303625]]}"
106,ARH0149,355 - 363 Coxwell Avenue,355 Coxwell Ave,Final Planning Approval,19,Beaches-East York,47,47,0,0,"{""type"": ""MultiPoint"", ""coordinates"": [[-79.32010865, 43.67577635]]}"
107,ARH0153,3817 Lawrence Avenue East,3817 Lawrence Ave E,Under Review,24,Scarborough-Guildwood,111,111,0,0,"{""type"": ""MultiPoint"", ""coordinates"": [[-79.21234346, 43.76213102]]}"
108,ARH0154,3850 and 3900 Sheppard Avenue East and 2350 to 2362 Kennedy Road,3850 Sheppard Ave E,Under Review,22,Scarborough-Agincourt,272,272,0,0,"{""type"": ""MultiPoint"", ""coordinates"": [[-79.29225268, 43.78393853]]}"
109,ARH0156,39 Dundalk Drive (formerly 7 Glamorgan Ave),39 Dundalk Dr,Occupied,21,Scarborough Centre,0,57,0,57,"{""type"": ""MultiPoint"", ""coordinates"": [[-79.28490996, 43.76840237]]}"
110,ARH0157,393 Dundas Street East,393 Dundas St E,Final Planning Approval,13,Toronto Centre,0,12,0,12,"{""type"": ""MultiPoint"", ""coordinates"": [[-79.36796119, 43.65877465]]}"
111,ARH0158,3933 Keele Street,3933 Keele St,Under Construction,6,York Centre,59,65,125,7,"{""type"": ""MultiPoint"", ""coordinates"": [[-79.4902589, 43.76300865]]}"
112,ARH0159,40 Bushby Drive,40 Bushby Dr,Pre-Planning,24,Scarborough-Guildwood,443,492,491,49,"{""type"": ""MultiPoint"", ""coordinates"": [[-79.25113216, 43.7745567]]}"
113,ARH0160,4040 Lawrence Avenue East,4040 Lawrence Ave E,Final Planning Approval,24,Scarborough-Guildwood,60,67,67,7,"{""type"": ""MultiPoint"", ""coordinates"": [[-79.19901183, 43.76600352]]}"
114,ARH0161,405 Sherbourne Street,405 Sherbourne St,Under Review,13,Toronto Centre,80,89,178,9,"{""type"": ""MultiPoint"", ""coordinates"": [[-79.37335558, 43.66460723]]}"
115,ARH0162,419 - 425 Coxwell Avenue,425 Coxwell Ave,Occupied,19,Beaches-East York,0,12,0,12,"{""type"": ""MultiPoint"", ""coordinates"": [[-79.32086239, 43.67748517]]}"
116,ARH0163,4201 & 4203 Kingston Road,4201 Kingston Rd,Pre-Planning,24,Scarborough-Guildwood,68,68,0,0,"{""type"": ""MultiPoint"", ""coordinates"": [[-79.1961097, 43.75940725]]}"
117,ARH0166,450 - 455 Palmerston Blvd,455 Palmerston Blvd,Under Review,11,University-Rosedale,0,10,0,10,"{""type"": ""MultiPoint"", ""coordinates"": [[-79.41198614, 43.66123297]]}"
118,ARH0168,4626 Kingston Road phase 1,4626 Kingston Rd,Occupied,25,Scarborough-Rouge Park,0,20,0,20,"{""type"": ""MultiPoint"", ""coordinates"": [[-79.17989488, 43.77514363]]}"
119,ARH0169,4628 Kingston Road phase 2,4628 Kingston Rd,Under Construction,25,Scarborough-Rouge Park,0,64,0,64,"{""type"": ""MultiPoint"", ""coordinates"": [[-79.17989488, 43.77514363]]}"
120,ARH0170,48 Annette Street,48 Annette St,Under Review,4,Parkdale-High Park,3,3,0,0,"{""type"": ""MultiPoint"", ""coordinates"": [[-79.46135028, 43.66389279]]}"
121,ARH0171,"5, 7, 9, 11, 15 and 19 Cosburn Avenue and 8, 10, 12, 14, 16, 30, 32, 34, 36, 38 and 40 Gowan Avenue",5 Cosburn Ave,Under Review,14,Toronto-Danforth,10,10,0,0,"{""type"": ""MultiPoint"", ""coordinates"": [[-79.354556, 43.688269]]}"
122,ARH0173,50 Wilson Heights,50 Wilson Heights Blvd,Under Review,6,York Centre,468,520,520,52,"{""type"": ""MultiPoint"", ""coordinates"": [[-79.44911461, 43.73538198]]}"
123,ARH0174,502-508 Spadina Ave,502 Spadina Ave,Under Review,11,University-Rosedale,129,129,0,0,"{""type"": ""MultiPoint"", ""coordinates"": [[-79.40081069, 43.65869418]]}"
124,ARH0176,510-528 Yonge Street and 7 Breadalbane StreetÂ ,510 Yonge St,Under Review,13,Toronto Centre,25,25,0,0,"{""type"": ""MultiPoint"", ""coordinates"": [[-79.38417999, 43.66342015]]}"
125,ARH0177,525 Markham Road,525 Markham Rd,Under Construction,24,Scarborough-Guildwood,62,62,0,0,"{""type"": ""MultiPoint"", ""coordinates"": [[-79.22397358, 43.75675421]]}"
126,ARH0179,540 Cedarvale Avenue,540 Cedarvale Ave,Occupied,19,Beaches-East York,0,59,0,59,"{""type"": ""MultiPoint"", ""coordinates"": [[-79.31672339, 43.69838232]]}"
127,ARH0180,54-56 Kensington Avenue,54 Kensington Ave,Occupied,11,University-Rosedale,12,12,0,0,"{""type"": ""MultiPoint"", ""coordinates"": [[-79.40059628, 43.65412037]]}"
128,ARH0182,5507 and 5509 Dundas Street West,5507 Dundas St W,Under Review,3,Etobicoke-Lakeshore,6,6,0,0,"{""type"": ""MultiPoint"", ""coordinates"": [[-79.54476522, 43.63167275]]}"
129,ARH0187,6 Dawes Road,6 Dawes Rd,Under Review,19,Beaches-East York,6,6,0,0,"{""type"": ""MultiPoint"", ""coordinates"": [[-79.29877738, 43.68711716]]}"
130,ARH0188,6 Shipman Street,6 Shipman St,Under Review,4,Parkdale-High Park,2,2,0,0,"{""type"": ""MultiPoint"", ""coordinates"": [[-79.475807, 43.666913]]}"
131,ARH0189,6020 Bathurst Street,6020 Bathurst St,Under Review,6,York Centre,10,10,0,0,"{""type"": ""MultiPoint"", ""coordinates"": [[-79.44737422, 43.78708751]]}"
132,ARH0190,6040 Bathurst Street,6040 Bathurst St,Under Review,6,York Centre,10,10,0,0,"{""type"": ""MultiPoint"", ""coordinates"": [[-79.44765194, 43.78904449]]}"
133,ARH0191,62 Orchard Park Drive,62 Orchard Park Dr,Under Review,25,Scarborough-Rouge Park,47,47,0,0,"{""type"": ""MultiPoint"", ""coordinates"": [[-79.17960779, 43.77419123]]}"
134,ARH0193,625 Church Street,625 Church St,Under Review,11,University-Rosedale,15,15,0,0,"{""type"": ""MultiPoint"", ""coordinates"": [[-79.38235004, 43.66989506]]}"
135,ARH0194,630 Spadina Avenue,630 Spadina Avenue ,Under Review,11,University-Rosedale,47,47,0,0,"{""type"": ""MultiPoint"", ""coordinates"": [[-79.402491, 43.662618]]}"
136,ARH0197,65 Dundas St E - phase 1 ,65 Dundas St E,Occupied,13,Toronto Centre,0,92,0,92,"{""type"": ""MultiPoint"", ""coordinates"": [[-79.37845424, 43.65601111]]}"
137,ARH0198,65 Dundas St E - phase 2,65 Dundas St E,Pre-Planning,13,Toronto Centre,0,188,0,188,"{""type"": ""MultiPoint"", ""coordinates"": [[-79.37845424, 43.65601111]]}"
138,ARH0200,65 to 99 Silver Springs Blvd,65 Silver Springs Blvd,Under Review,22,Scarborough-Agincourt,9,9,0,0,"{""type"": ""MultiPoint"", ""coordinates"": [[-79.30423789, 43.80132103]]}"
139,ARH0203,7 Vanauley Street,7 Vanauley St,Final Planning Approval,10,Spadina-Fort York,0,31,0,31,"{""type"": ""MultiPoint"", ""coordinates"": [[-79.39830825, 43.64882517]]}"
140,ARH0204,705 Warden Avenue,705 Warden Ave,Under Review,20,Scarborough Southwest,225,250,350,25,"{""type"": ""MultiPoint"", ""coordinates"": [[-79.28062463, 43.71343298]]}"
141,ARH0205,729 St Clair Avenue West,729 St Clair Ave W,Pre-Planning,12,Toronto-St. PaulÂs,26,26,0,0,"{""type"": ""MultiPoint"", ""coordinates"": [[-79.4274778, 43.6811414]]}"
142,ARH0206,75 Tandridge Crescent,75 Tandridge Crescent,Under Review,1,Etobicoke North,113,113,0,0,"{""type"": ""MultiPoint"", ""coordinates"": [[-79.54647089, 43.72900648]]}"
143,ARH0207,770 Don Mills Road,770 Don Mills Rd,Under Review,16,Don Valley East,376,418,836,42,"{""type"": ""MultiPoint"", ""coordinates"": [[-79.33814896, 43.7164526]]}"
144,ARH0208,777 Victoria Park,777 Victoria Park Ave,Under Review,20,Scarborough Southwest,230,256,449,26,"{""type"": ""MultiPoint"", ""coordinates"": [[-79.28915706, 43.69454357]]}"
145,ARH0209,7-9 Norris Crescent,17 Norris Cr,Under Review,3,Etobicoke-Lakeshore,33,33,0,0,"{""type"": ""MultiPoint"", ""coordinates"": [[-79.48839647, 43.61104091]]}"
146,ARH0211,805 Don Mills Road,805 Don Mills Rd,Under Review,16,Don Valley East,257,286,268,29,"{""type"": ""MultiPoint"", ""coordinates"": [[-79.33830504, 43.72021841]]}"
147,ARH0212,815-845 Eglinton Avenue East,815 Eglinton Ave E,Under Review,15,Don Valley West,40,40,0,0,"{""type"": ""MultiPoint"", ""coordinates"": [[-79.36428549, 43.7135245]]}"
148,ARH0214,835-841 Queen Street East,835 Queen St E,Under Review,14,Toronto-Danforth,96,96,0,0,"{""type"": ""MultiPoint"", ""coordinates"": [[-79.34403496, 43.65999345]]}"
149,ARH0215,838 - 844 Broadview Avenue,838 Broadview Ave,Final Planning Approval,14,Toronto-Danforth,2,2,0,0,"{""type"": ""MultiPoint"", ""coordinates"": [[-79.35866499, 43.67863314]]}"
150,ARH0217,877 Yonge Street (Phase 1),877 Yonge St,Occupied,11,University-Rosedale,0,88,0,88,"{""type"": ""MultiPoint"", ""coordinates"": [[-79.38797583, 43.67425754]]}"
151,ARH0218,880 - 882 & 888 Eastern Avenue and 74 - 80 Knox Avenue,880 Eastern Ave,Under Review,14,Toronto-Danforth,6,6,0,0,"{""type"": ""MultiPoint"", ""coordinates"": [[-79.325966, 43.662967]]}"
152,ARH0219,880-884 Kingston Road,884 Kingston Rd,Under Review,19,Beaches-East York,20,20,0,0,"{""type"": ""MultiPoint"", ""coordinates"": [[-79.29032179, 43.68043916]]}"
153,ARH0221,888 Dupont Street,888 Dupont St,Under Review,11,University-Rosedale,20,20,0,0,"{""type"": ""MultiPoint"", ""coordinates"": [[-79.42892166, 43.67055435]]}"
154,ARH0223,"90 and 100 Simcoe Street, 130 Pearl Street, and 203, 207, and 211 Adelaide Street West",100 Simcoe St,Under Review,24,Scarborough-Guildwood,28,28,0,0,"{""type"": ""MultiPoint"", ""coordinates"": [[-79.38676275, 43.64820052]]}"
155,ARH0224,900 Dufferin Street,900 Dufferin St,Under Review,9,Davenport,120,120,0,0,"{""type"": ""MultiPoint"", ""coordinates"": [[-79.43536233, 43.65581706]]}"
156,ARH0225,930 Albion Road,930 Albion Rd,Under Review,1,Etobicoke North,60,60,0,0,"{""type"": ""MultiPoint"", ""coordinates"": [[-79.56150718, 43.73575354]]}"
157,ARH0226,938-960 King Street West and 95-99 Strachan Avenue,950 King St W,Under Review,10,Spadina-Fort York,35,35,0,0,"{""type"": ""MultiPoint"", ""coordinates"": [[-79.41180491, 43.64228928]]}"
158,ARH0227,963-967 Pharmacy Avenue,963 Pharmacy Ave,Under Review,21,Scarborough Centre,8,8,0,0,"{""type"": ""MultiPoint"", ""coordinates"": [[-79.30050342, 43.73485737]]}"
159,ARH0228,976 College Street,976 College St,Under Review,9,Davenport,10,10,0,0,"{""type"": ""MultiPoint"", ""coordinates"": [[-79.427965, 43.65343336]]}"
160,ARH0230,175 Oak Street - Block 16N (Regent Park Phase 2 and 3),175 Oak St,Under Construction,13,Toronto Centre,24,55,0,31,"{""type"": ""MultiPoint"", ""coordinates"": [[-79.36058855, 43.66205296]]}"
161,ARH0232,"Bloor-Kipling Block 3, 6, 7 (3741 Bloor Street West and part 925 Kipling Avenue)",5207 Dundas St W ,Under Review,3,Etobicoke-Lakeshore,441,490,490,49,"{""type"": ""MultiPoint"", ""coordinates"": [[-79.53339886, 43.64010721]]}"
162,ARH0233,Bloor-Kipling (Block 1),5207 Dundas St W ,Pre-Planning,3,Etobicoke-Lakeshore,196,218,507,22,"{""type"": ""MultiPoint"", ""coordinates"": [[-79.53339886, 43.64010721]]}"
163,ARH0234,Bloor-Kipling (Block 5),5207 Dundas St W ,Under Review,3,Etobicoke-Lakeshore,176,195,395,20,"{""type"": ""MultiPoint"", ""coordinates"": [[-79.53339886, 43.64010721]]}"
164,ARH0236,East Bayfront - Block R6 (263 Queen Quay East),263 Queens Quay East,Pre-Planning,10,Spadina-Fort York,179,199,126,20,"{""type"": ""MultiPoint"", ""coordinates"": [[-79.36176291, 43.64649974]]}"
165,ARH0237,East Harbour (21 Don Valley Parkway N),21 Don Valley Parkway N,Under Review,14,Toronto-Danforth,215,215,0,0,"{""type"": ""MultiPoint"", ""coordinates"": [[-79.34784114, 43.6535527]]}"
166,ARH0239,Lawrence Heights (3 Flemington Road),3 Flemington Rd,Under Construction,8,Eglinton-Lawrence,130,130,0,0,"{""type"": ""MultiPoint"", ""coordinates"": [[-79.44214501, 43.71915706]]}"
167,ARH0242,"259 Lakeshore blvd East, 200 Queens Quay East (Quayside)",259 Lake Shore Blvd,Under Review,10,Spadina-Fort York,468,468,0,0,"{""type"": ""MultiPoint"", ""coordinates"": [[-79.36340485, 43.64620743]]}"
168,ARH0245,Regent Park Phase 4 and 5 (multiple addresses),591 Dundas St E,Under Review,13,Toronto Centre,637,637,0,0,"{""type"": ""MultiPoint"", ""coordinates"": [[-79.362694, 43.661805]]}"
169,ARH0246,"West Don Lands (Blocks 3W, 4W, 7W)",373 Front St E,Final Planning Approval,13,Toronto Centre,275,275,0,0,"{""type"": ""MultiPoint"", ""coordinates"": [[-79.35783621, 43.65143587]]}"
170,ARH0247,333 Lake Shore Boulevard East (Quayside),333 Lake Shore Blvd E,Under Review,10,Spadina-Fort York,407,407,0,0,"{""type"": ""MultiPoint"", ""coordinates"": [[-79.359578, 43.647133]]}"
171,ARH0248,877 Yonge Street (Phase 2),877 Yonge Street,Occupied,11,University-Rosedale,0,156,0,156,"{""type"": ""MultiPoint"", ""coordinates"": [[-79.359578, 43.647133]]}"
172,ARH0249,537 Broadview Avenue,537 Broadview Avenue,Under Review,14,Toronto-Danforth,12,12,0,0,"{""type"": ""MultiPoint"", ""coordinates"": [[-79.35410492, 43.67134736]]}"
173,ARH0250,3060 Eglinton Avenue East,3060 Eglinton Avenue East,Under Review,24,Scarborough-Guildwood,10,10,0,0,"{""type"": ""MultiPoint"", ""coordinates"": [[-79.22796782, 43.74171849]]}"
174,ARH0251,46-52 Laing Street,52 Laing St,Final Planning Approval,14,Toronto-Danforth,6,6,0,0,"{""type"": ""MultiPoint"", ""coordinates"": [[-79.32716007, 43.663138]]}"
175,ARH0252,350 Bloor Street East,350 Bloor St. E,Under Review,11,University-Rosedale,16,16,0,0,"{""type"": ""MultiPoint"", ""coordinates"": [[-79.37873583, 43.67227]]}"
176,ARH0253,34 - 42 Maitland Street,34 Maitland St.,Under Review,13,Toronto Centre,11,11,0,0,"{""type"": ""MultiPoint"", ""coordinates"": [[-79.38240192, 43.664602]]}"
177,ARH0254,1117 Danforth Avenue,1117 Danforth Ave,Under Review,14,Toronto-Danforth,14,40,41,26,"{""type"": ""MultiPoint"", ""coordinates"": [[-79.334058, 43.680931]]}"
178,ARH0255,1113-1125 Dundas Street West,1113 Dundas Street W,Pre-Planning,10,Spadina-Fort York,28,28,68,0,"{""type"": ""MultiPoint"", ""coordinates"": [[-79.41972082, 43.649471]]}"
179,ARH0257,191-199 College Street and 74-76 Henry Street,191 College St,Under Review,11,University-Rosedale,408,408,0,0,"{""type"": ""MultiPoint"", ""coordinates"": [[-79.39478277, 43.658842]]}"
180,ARH0258,34-70 Montgomery Avenue,34 Montgomery Ave,Under Review,8,Eglinton-Lawrence,10,10,0,0,"{""type"": ""MultiPoint"", ""coordinates"": [[-79.40002192, 43.709744]]}"
181,ARH0259,"245, 251, 257 Queen Street East and 348, 354 Richmond Street East",348 Richmond St. E,Under Review,13,Toronto Centre,30,30,0,0,"{""type"": ""MultiPoint"", ""coordinates"": [[-79.36857932, 43.653979]]}"
182,ARH0260,"261-285 Queen Street East, 360, 384, 410 Richmond Street East and 90, 106 Ontario Street",261 Queen St. E.,Under Review,13,Toronto Centre,13,13,0,0,"{""type"": ""MultiPoint"", ""coordinates"": [[-79.36816116, 43.654722]]}"
183,ARH0261,8 Dawes Road,8 Dawes Rd.,Under Review,19,Beaches-East York,12,12,0,0,"{""type"": ""MultiPoint"", ""coordinates"": [[-79.2966325, 43.687727]]}"
184,ARH0262,"386-394 Symington Avenue, 485 Perth Avenue & 17 Kingsley Avenue",386 Symington Ave,Under Review,9,Davenport,6,6,0,0,"{""type"": ""MultiPoint"", ""coordinates"": [[-79.45267292, 43.66785]]}"
185,ARH0263,309 Cherry Street,309 Cherry St.,Under Review,14,Toronto-Danforth,97,97,0,0,"{""type"": ""MultiPoint"", ""coordinates"": [[-79.3532824, 43.646925]]}"
186,ARH0264,2575 & 2625 Danforth Avenue; 2681 Danforth Avenue;and 2721 Danforth Avenue,2575 Danforth Ave,Under Review,19,Beaches-East York,47,47,0,0,"{""type"": ""MultiPoint"", ""coordinates"": [[-79.30141423, 43.693568]]}"
187,ARH0265,15 Denison Avenue,15 Denison Ave,Pre-Planning,10,Spadina-Fort York,80,80,0,0,"{""type"": ""MultiPoint"", ""coordinates"": [[-79.40046556, 43.648606]]}"
188,ARH0266,267 & 275 Merton Street,275 Merton St,Pre-Planning,12,Toronto-St. PaulÂs,135,135,312,0,"{""type"": ""MultiPoint"", ""coordinates"": [[-79.387918, 43.697772]]}"
189,ARH0267,20-22 Front Street West,20 Front Street,Under Review,13,Toronto Centre,16,16,0,0,"{""type"": ""MultiPoint"", ""coordinates"": [[-79.377881, 43.646777]]}"
190,ARH0268,2901 Bayview Avenue (South Development),2901 Bayview Ave,Under Review,17,Don Valley North,26,26,0,0,"{""type"": ""MultiPoint"", ""coordinates"": [[-79.385439, 43.767823]]}"
